"lenguage_id","name","native_name"
1,Arabic,العربية
2,Chinese (Simplified),简体中文
3,Chinese (Traditional),繁體中文
4,Czech,čeština
5,Danish,Dansk
6,Dutch,Nederlands
7,English,English (US)
8,English (UK),English (UK)
9,Spanish (Spain),Español (España)
10,Spanish (Mexico),Español (Mexico)
11,Finnish,Suomi
12,French,Français
13,Hebrew,עברית
14,Hungarian,Magyar
15,Italian,Italiano
16,Japanese,日本語
17,Korean,한국어
18,Norwegian,Norsk
19,Polish,Polski
20,Portuguese (Portugal),Português (Portugal)
21,Portuguese (Brazil),Português (Brasil)
22,Russian,Русский
23,Swedish,Svenska
24,Turkish,Türkçe
25,Thai,ไทย
26,Vietnamese,Tiếng Việt
27,German,Deutsch
28,Ukrainian,українська
