"franchise_id","name"
0,No Franchise
1,Star Wars
2,Indiana Jones
3,Conan
4,Final Fantasy
5,Batman
6,"Warhammer 40,000"
7,Transformers
8,Ghostbusters
10,Sid Meier
11,The Lord of the Rings
12,Command & Conquer
13,BattleTech
15,NASCAR
16,NBA
18,Star Trek
19,The Matrix
21,BloodRayne
22,Worms
23,Alien
24,Mario Bros.
26,Disney
27,Jason Bourne
28,South Park
29,Resident Evil
32,Tex Murphy
34,Robin Hood
35,Mickey Mouse
37,James Bond
38,Mega Man
39,The Walking Dead
40,Family Guy
43,Dungeons & Dragons
44,DC Comics
45,Deadpool
46,Stargate SG-1
47,XIII
48,Fast & Furious
49,The Avengers
51,LEGO
54,Shannara
56,Dragon Ball
57,Yu-Gi-Oh!
58,Asterix
60,Pokémon
61,Spartacus
62,Akira
67,Ys
68,Ultima
71,Buck Rogers
72,The Godfather
73,Wizardry
74,Mad Max
75,Thomas & Friends
76,The Smurfs
77,Teenage Mutant Ninja Turtles
79,tetris
80,Jaws
82,Van Helsing
84,Shrek
85,Tom and Jerry
88,Hot Wheels
92,Looney Tunes
93,McDonald's
94,"Ed, Edd n Eddy"
95,Wallace & Gromit
96,Burger King
100,Spongebob Squarepants
101,Ben 10
102,Cartoon Network
103,Adventure Time
104,Rugrats
105,Hi Hi Puffy AmiYumi
106,Jackass
107,Camp Lazlo
108,Samurai Jack
109,Napoleon Dynamite
110,The Secret Saturdays
111,Codename: Kids Next Door
112,The Grim Adventures of Billy & Mandy
113,Dexter's Laboratory
116,A Bug's Life
117,Scooby-Doo
123,Earthbound
124,Marvel
125,DuckTales
126,Romance Of The Three Kingdoms
127,Shadowrun
129,Disney's Chicken Little
133,Harry Potter
134,Fables
135,Warcraft
136,Frank Herbert's Dune
137,Halo
139,Mission: Impossible
140,Back to the Future
142,Dirty Harry
143,Powerpuff Girls
144,Johnny Bravo
145,Sesame Street
146,The Muppets
147,Power Rangers
149,M&M's
150,Barbie
151,Spider-Man
152,Jeopardy
153,Shadowman
155,Tamagotchi
156,Disney's Winnie the Pooh
157,Toy Story
160,Hello Kitty
161,Risk
162,Disney's 101 Dalmatians
163,Pacific Rim
164,Madagascar
165,Rambo
166,Jimmy Neutron
167,Finding Nemo
168,The Incredibles
169,American Chopper
170,Animaniacs
171,The Ant Bully
172,Aquaman
173,Avatar: The Last Airbender
174,Barnyard
175,Beyblade
176,Lego Bionicle
177,Bleach
178,Bobobo-bo-Bo-bobo
180,Bratz
182,Buffy the Vampire Slayer
183,Butt-Ugly Martians
184,Carmen Sandiego
185,Cars
186,Casper The Friendly Ghost
187,Charlie's Angels
188,The Chronicles of Narnia
189,Cubix
190,Curious George
191,Digimon
193,Dinotopia
194,Meet the Robinsons
195,The Fairly OddParents
199,Duel Masters
200,Driven
201,Dragon Ball Z
202,Dora the Explorer
203,Fantastic Four
204,Flushed Away
205,Godzilla
206,Happy Feet
208,The Hobbit
209,Ice Age
210,Hulk
212,The Italian Job
213,Largo Winch
214,A Series of Unfortunate Events
215,Men in Black
216,Minority Report
217,Monopoly
218,Monster House
219,"Monsters, Inc."
220,NHL
221,Naruto
222,NCAA
224,NFL
225,One Piece
227,Over The Hedge
228,King Kong
229,Ratatouille
230,Rave Master
231,Reign of Fire
232,Robots
233,Robotech
234,Rocket Power
235,Rocky
236,The Scorpion King
238,X-Men
240,Shaman King
241,Shark Tale
242,Future GPX Cyber Formula
243,Spawn
244,Starsky & Hutch
245,Surf's Up
246,Teen Titans
248,Terminator
249,UFC
251,Tiny Toon Adventures
252,Judge Dredd
255,WWE
260,Zatch Bell!
261,Ace Ventura
263,Caesars Palace
265,The Goonies
266,Popeye
267,Adventures of Tintin
268,Alvin and the Chipmunks
271,Astro Boy
272,James Cameron's Avatar
273,Bakugan Battle Brawlers
276,Bee Movie
277,Bob the Builder
278,Bolt
279,Tomb Raider
280,Captain America
284,Cloudy With a Chance of Meatballs
285,Code Lyoko
286,Coraline
287,Crayon Shin-chan
288,CSI
289,Winx Club
290,Dancing With the Stars
292,Deal or No Deal
293,High School Musical
294,Doctor Who
295,The Dog
296,The Lego Movie
297,Sherlock Holmes
299,Inspector Gadget
300,G-Force
301,G.I. Joe
302,Garfield
303,George of the Jungle
304,The Golden Compass
305,Gold's Gym
306,Grease
307,Green Lantern
308,Grey's Anatomy
309,Guinness World Records
310,Hardy Boys
311,"Harvey Birdman, Attorney at Law"
314,iCarly
316,Iron Chef
317,Jenga
320,Iron Man
322,Littlest Pet Shop
323,Legend of the Guradians
324,Kung Fu Panda
325,MLB
326,Man vs. Wild
328,Megamind
329,The Mummy
330,Monsters vs. Aliens
331,The Naked Brothers Band
332,Nancy Drew
333,Neopets
334,Night at the Museum
335,Pimp My Ride
336,Pirates of the Caribbean
337,Rango
338,Twilight
339,Scene It?
340,Scarface
341,Rise of the Guardians
342,Rubik's Cube
343,Space Chimps
344,Speed Racer
345,The Spiderwick Chronicles
346,Disney Princess
347,Pictionary
349,Tangled
350,Thor
351,Tron
352,Totally Spies!
353,WALL-E
354,Wacky Racers
355,Where the Wild Things Are
357,Phineas & Ferb
358,The Addams Family
360,Rocky and Bullwinkle
361,Twisted Metal
362,"11eyes"
363,Afro Samurai
364,Game of Thrones
366,Dota
368,The Punisher
370,Xiaolin Showdown
371,Bad Boys
372,Antz
373,Battlestar Galactica
376,The Da Vinci Code
378,The Dukes of Hazzard
379,Eragon
380,Futurama
381,Dark Angel
382,Mary-Kate and Ashley
385,Happy Tree Friends
386,Reservoir Dogs
387,RoboCop
388,Robot Wars
389,The Warriors
390,Hard Boiled
391,Spy vs. Spy
392,The Thing
393,The Nightmare Before Christmas
394,Trivial Pursuit
396,Action Man
397,American Idol
398,Around the World in 80 Days
399,Atomic Betty
400,Charlotte's Web
403,Danny Phantom
405,Drake & Josh
407,Dragon Tales
408,Droopy
409,Foster's Home for Imaginary Friends
410,Fear Factor
411,Ghost Rider
412,Babar: King of the Elephants
413,Hamtaro
417,The Flash
418,Mighty Beanz
419,JoJo's Bizarre Adventure
420,Hey Arnold!
421,Uno
422,W.I.T.C.H.
424,Chicken Run
425,Half-Life
427,Regular Show
428,Aqua Teen Hunger Force
429,Brave
430,Clash of the Titans
432,Deadliest Catch
433,Willow
434,Hannah Montana
435,Hellboy
436,How to Train Your Dragon
437,Lost
438,The Dark Eye
439,Saw
440,Wanted
441,Watchmen
442,Initial D
446,Kickass
447,Ninja Gaiden
448,Rocko's Modern Life
449,CatDog
450,Medabots
451,Cyberpunk
452,The Witcher
456,The Elder Scrolls
457,Sonic The Hedgehog
458,Might and Magic
459,Beavis and Butt-head
460,Beetlejuice
461,Bill & Ted
462,Numenera
463,Metal Gear
464,Predator
467,Blue's Clues
468,Miss Spider's Sunny Patch Friends
469,Team Umizoomi
470,Ren & Stimpy
471,Back at the Barnyard
472,El Tigre: The Adventures of Manny Rivera
473,Nacho Libre
474,Generator Rex
476,Yogi Bear
477,Woody Woodpecker
478,Wild Thornberrys
479,Toxic Crusaders
481,ThunderCats
482,Area 88
484,TaleSpin
485,SWAT Kats
486,Jurassic Park
487,Pink Panther
489,Kim Possible
490,Jackie Chan Adventures
491,The Chronicles of Riddick
493,Grand Theft Auto
495,Prince of Persia
496,Die Hard
497,Ghost in the Shell
498,Babylon 5
500,My Little Pony
501,Donald Duck
502,Felix the Cat
503,The Flintstones
504,Disney's Darkwing Duck
505,Disney's American Dragon: Jake Long
506,Fighting Fantasy
507,Alien vs. Predator
509,Warhammer
510,Friday the 13th
511,The Crow
512,Monty Python
513,Monster High
516,The Three Stooges
517,TekWar
518,Hook
520,Blade
522,Airwolf
523,American Gladiators
524,Doritos
525,Xena: Warrior Princess
527,Rogue Trooper
528,Justice League
529,Silver Surfer
530,Martin Mystery
532,Agatha Christie
534,Spy Kids
535,Top Gun
538,Shin Megami Tensei
543,Sword Art Online
544,Hatsune Miku
545,Vocaloid
546,Rune Factory
548,Little Busters
550,Scott Pilgrim
551,Metal Gear Solid
552,Persona
554,Silent Hill
555,Victorious
556,The Bard's Tale
557,Warlords
559,Barker Bill's Cartoon Show
561,Senran Kagura
562,Stargate
564,Inuyasha
566,Murder She Wrote
567,Where's Waldo?
568,Silly Bandz
571,Assassin's Creed
572,Putt-Putt
575,Galaga
577,Magic: The Gathering
580,Despicable Me
581,The Alligator People
582,Cabbage Patch Kids
587,SaGa
589,starcraft
590,Sega Hard Girls
592,Megami Tensei
593,Date A Live
594,Valkyrie Drive
595,Home Improvement
596,The Legend of Zelda
600,Evil Dead
601,Hanayamata
602,Yahari Ore no Seishun Rabu Kome wa Machigatteiru.
603,Punch Line
604,Saekano: How to Raise a Boring Girlfriend
605,Yuki Yuna is a Hero
606,Rail Wars!
607,.Hack
609,Infinite Stratos
610,Puella Magi Madoka Magica
611,A Certain Magical Index
612,A Certain Scientific Railgun
613,Arachnophobia
614,Beverly Hills Cop
615,The Chronicles of Prydain
616,Captain Planet and the Planeteers
617,Dan Dare
618,Darkman
619,Days of Thunder
620,Elvira
622,HeroQuest
623,Knightmare
624,Himouto! Umaru-chan
625,Alf
626,Are You Afraid of the Dark?
627,Xanth
629,Dylan Dog
630,Earthworm Jim
631,Ripley's Believe It or Not!
632,Small Soldiers
633,Ghosts 'n Goblins
634,Total Recall
635,Defenders of the Earth
636,The King of Fighters
637,Fright Night
638,Gremlins
640,Neighbours
641,Plan 9 From Outer Space
642,Red Heat
643,The Running Man
644,Superman
646,Trolls
647,The Twilight Zone
648,Wacky Races
649,Who Framed Roger Rabbit
650,The Asterisk War
651,World Trigger
652,The NeverEnding Story
654,Dick Tracy
656,Spitting Image
657,Tokyo Ghoul
658,The Devil Is a Part-Timer!
659,Ore no Imoto ga Konna ni Kawaii Wake ga Nai
660,Accel World
661,The Irregular at Magic High School
662,Heavy Object
663,Black Bullet
664,Shakugan no Shana
665,Durarara!!
666,Toradora!
667,Ro-Kyu-Bu!
668,Strike the Blood
669,Boogiepop
670,Bludgeoning Angel Dokuro-chan
671,Ground Control to Psychoelectric Girl
672,Spice and Wolf
673,Kino no Tabi
674,Golden Time
675,The Pet Girl of Sakurasou
677,Andy Capp
678,The Archers
679,Atom Ant
682,Battle of the Planets
683,Big Trouble in Little China
684,Biggles
685,Blade Runner
687,BraveStarr
690,Gobots
691,Discworld
692,Crows
693,Count Duckula
695,To Love-Ru
696,Kamen Rider
697,Danger Mouse
698,Death Wish
699,Dempsey and Makepeace
701,Seraph of the End
703,YuruYuri
704,Nyaruko: Crawling with Love
705,Vividred Operation
706,Kin-iro Mosaic
707,Arpeggio of Blue Steel
708,Tesagure! Bukatsu-mono
709,"Wake Up, Girls!"
711,No-Rin
712,Engaged to the Unidentified
713,Is the Order a Rabbit?
715,The Famous Five
716,The Road to El Dorado
718,Auf Wiedersehen Pet
720,Kingdom Hearts
721,Star Ocean
722,All Dogs Go to Heaven
723,'Allo 'Allo!
724,The Blues Brothers
726,Call of Duty
727,Crysis
728,Area 51
729,Need for Speed
732,Home Alone
735,Crossbow
736,Valkyria
738,monster rancher
742,Star Wraith
743,The Jetsons
744,The Karate Kid
745,Nightbreed
746,Scrabble
747,Dr. Seuss
748,PewDiePie
750,Mortal Kombat
751,Aeon Flux
752,"3x3 Eyes"
755,Sailor Moon
756,Metroid
757,Skipper and Skeeto
759,Iron Maiden
761,Shining
762,Video Power
763,Donkey Kong
767,Rocky Horror
768,Klonoa
769,Fire Emblem
771,Star Fox
775,Gradius
777,Rolie Polie Olie
778,American Girl
779,Daredevil
780,Touhou Project
781,Zoey 101
783,Austin Powers
784,World of Darkness
786,The Blair Witch Project
787,Desperate Housewives
789,Kirby
791,Space Invaders
792,Street Fighter
793,Battletoads
794,Krull
795,Ridge Racer
797,TrackMania
798,Doom
799,Bomberman
800,LittleBigPlanet
801,Phantasy Star
802,Brave Story
804,Fullmetal Alchemist
808,Borderlands
811,Gunslinger Stratos
812,Frogger
816,Golgo 13
820,Gundam
821,Berserk
822,Independence Day
823,RWBY
824,Monster Hunter
826,Playmobil
827,Rick and Morty
828,Mage Knight
830,JumpStart
831,World War Z
833,Streets of Rage
834,Devil May Cry
835,Gargoyles
836,Saint Seiya
838,Dexter
842,Steins;Gate
843,Knight Rider
844,Death Note
845,Mario
846,Steven Universe
849,M*A*S*H
850,Flash Gordon
852,Attack on Titan
854,Dragon Slayer
855,The Legend of Heroes
857,Tom Clancy’s
858,Beowulf
863,Dallas
864,WarGames
866,Neon Genesis Evangelion
868,King’s Knight
869,Bloody Roar
871,Ape Escape
872,Goemon
873,Valkyrie Profile
874,Ganbare Goemon
875,Fate
881,Zero Escape
885,Darksiders
886,Xanadu
889,Project Runaway
891,Tekken
892,Pac-Man
895,Castlevania
898,Lupin the Third
900,Atelier
901,Tarzan
902,The War of the Worlds
903,Hitchhiker's Guide to the Galaxy
904,The Wizard of Oz
907,Dynasty Warriors
909,Car Wars
910,Ogre
920,Euro Truck Simulator
921,Arc the Lad
922,Moomin
923,Wild Arms
925,Dead or Alive
926,Pinky Street
928,Double Dragon
932,PopoloCrois
935,The Heroic Legend of Arslan
936,Castle
942,Tales of
950,Minecraft
956,Deemo
959,Umihara Kawase
960,Destiny
961,Yo-kai Watch
976,Orphan Black
977,Total War
979,The Sims
982,Guilty Gear
984,The Powerpuff Girls
988,God Eater
992,King's Quest
994,Rayman
995,Colin McRae
996,Lucky Luke
1001,Jay and SIlent Bob
1003,Bubble Bobble
1007,Sentinels of the Multiverse
1009,Attack of the Killer Tomatoes
1010,Miami Vice
1014,Highlander
1015,Masters of the Universe
1016,Short Circuit
1017,Sim
1018,Azure Striker Gunvolt
1019,The Hunt for Red October
1022,Love Live!
1024,Asuka 120%
1026,Ex-Mutants
1027,Gungrave
1029,Black Butler
1032,MazinSaga
1034,Fallout
1035,Michael Jackson
1036,Battlefield
1039,The Seven Deadly Sins
1040,MASK
1041,Million Arthur
1043,Forza
1044,Little Witch Academia
1047,Dragon Age
1048,Mass Effect
1049,Angry Birds
1050,Gintama
1051,Starship Troopers
1052,Hugo
1056,DC
1058,Ecco the dolphin
1060,Nights into Dreams
1062,Dying Light
1063,Dishonored
1064,X-COM
1067,Crazy Taxi
1068,Super Monkey Ball
1069,The House of the Dead
1070,Virtua Fighter
1075,Black Mirror
1076,Flåklypa Grand Prix
1077,Planet of the Apes
1079,Bullyparade
1080,Dead Rising
1082,darkstalkers
1084,Bob Morane
1088,Cyanide & Happiness
1089,Assassination Classroom
1090,Beelzebub
1091,Chinyuuki: Tarou to Yukai na Nakama-tachi
1092,Dr. Slump
1093,Hell Teacher Nube
1094,Hunter x Hunter
1095,KochiKame: Tokyo Beat Cops
1096,D.Gray-man
1097,Haikyuu!!
1098,Kuroko's Basketball
1099,Medaka Box
1100,Neuro: Supernatural Detective
1101,Nisekoi
1102,Pyu to Fuku! Jaguar
1104,Sket Dance
1105,The Disastrous Life of Saiki K.
1106,Tottemo! Luckyman
1107,Toriko
1108,Sakigake!! Otokojuku
1110,FIFA
1118,Psycho-Pass
1120,Peanuts
1121,The Little Prince
1123,Fist of the North Star
1124,Dark Souls
1133,Uncle Grandpa
1134,The Amazing World of Gumball
1136,Cobra
1137,Outlanders
1142,Yawara!
1144,Metal Max
1145,Ranma 1/2
1147,Haruhi Suzumiya
1148,Zoids
1149,Ultraman
1150,Patlabor
1151,Gamera
1152,City Hunter
1153,Captain Tsubasa
1154,Doberman Deka
1157,Robotics;Notes
1158,Police Quest
1159,Cowboy Bebop
1160,Wedding Peach
1163,Ace Attorney
1165,Professor Layton
1166,Spyro the Dragon
1167,The X-Files
1168,My Hero Academia
1170,Black Clover
1171,Angelique
1172,Gunparade March
1173,Sengoku Basara
1175,Dragon Knight
1176,The Legend of Sword and Fairy
1177,Oh My Goddess!
1178,Soukou Kihei Votoms
1179,Ai Shimai
1180,Akiba's Trip
1183,Angel's Feather
1185,Onmyou Taisenki
1186,Ore no Imouto
1188,Otome wa Boku ni Koishiteru
1189,Granblue Fantasy
1191,Falling Skies
1192,Young Justice
1193,Adiboo
1196,Dresden Files
1198,Heavy Metal
1199,OK K.O.! Let's Be Heroes
1205,Rurouni Kenshin
1206,Hoshin Engi
1207,Strawberry 100%
1209,Space Adventure Cobra
1210,Cat's Eye
1212,Silver Fang: The Shooting Star Gin
1213,Sexy Commando Gaiden: Sugoi yo!! Masaru-san
1215,Left 4 Dead
1226,Kabaneri of the Iron Fortress
1227,Record of Grancrest War
1228,Splatoon
1229,That Time I Got Reincarnated as a Slime
1232,Club Penguin
1234,Code Geass
1235,Gurren Lagann
1236,Mazinger Z
1237,Cross Ange
1238,Buddy Complex
1242,Kaiji
1244,Sanrio
1246,Hotel for Dogs
1248,Utawarerumono
1249,Record of Lodoss War
1250,Macross
1252,Hacker.exe
1253,BlazBlue
1256,GooseBumps
1257,Ant-Man
1262,Magic Knight Rayearth
1267,Anima: Beyond Fantasy
1268,Monster Strike
1272,Toonix
1273,Hitman
1276,Gears of War
1277,Wolfenstein
1280,Nioh
1285,Kill la Kill
1286,Shiren the Wanderer
1287,Mystery Dungeon
1290,The Darkness
1291,Story of Seasons
1292,Harvest Moon
1293,Front Mission
1297,Hotel Transylvania
1300,Venus Project
1301,Magica Wars
1303,PAW Patrol
1304,Hyperdimension Neptunia
1305,Hot Gimmick
1317,Pretty Cure
1318,My-Hime Project
1319,Blacksad
1325,Super Sentai
1329,Redwall
1335,Black Moon Chronicles
1337,Space Channel 5
1338,syberia
1344,Metro
1347,Queen's Blade
1350,Stranger Things
1351,Crash Bandicoot
1352,Kemono Friends
1354,Higurashi When They Cry
1355,Timmy Time
1358,Killer Instinct
1359,Beast Quest
1362,Battle Angel Alita
1370,Uglydoll
1373,Overlord
1376,The Castles of Burgundy
1382,Boruto: Next Naruto Generations
1386,Dead Space
1421,Divinity
1423,WCW
1424,Wheel of Fortune
1428,Revue Starlight
1432,Planes
1433,Frozen
1434,Pixar
1435,Doraemon
1437,Grisaia
1438,DreadOut
1439,Snack World
1445,John Wick
1446,Bakutsuri Bar Hunter
1450,NOEL the mortal fate
1452,Nasuverse
1454,Jumanji
1455,Genshin Impact
1458,Ni no Kuni
1460,The Dark Crystal
1464,One Punch Man
1466,Far Cry
1467,Yakuza
1469,Mob Psycho 100
1470,Turok
1475,Earth Defense Force
1476,Metal Slug
1477,Disney's The Lion King
1478,Inazuma Eleven
1480,American Dad!
1483,Magicka
1518,Pikmin
1524,Fairy Tail
1525,Banjo & Kazooie
1526,Rednex
1527,Four Seasons
1528,Galaxy Express 999
1529,Show do Milhão
1532,Disney's Lilo & Stitch
1533,The Land Before Time
1534,"100 Bullets"
1567,Yoshi
1568,Turma da Mônica
1569,Nichijou
1570,Aokana
1572,League of Legends
1579,Chibi Maruko-chan
1582,Spa Mania
1585,K-ON!
1625,Little Nemo
1632,Batman: The Animated Series
1633,Skylanders
1635,Titanfall
1636,Onegai Teacher
1638,The Familiar of Zero
1639,Zoboomafoo
1641,Tootuff
1642,Naruto Shippuden
1644,Watch_Dogs
1650,Nekopara
1651,Bemani
1652,Life is Strange
1686,Bioshock
1688,Homestar Runner
1693,Guild Wars
1695,Kashimashi: Girl Meets Girl
1697,Tremors
1707,Thomas the Tank Engine & Friends
1708,Serial Experiments Lain
1711,Gigantosaurus
1712,Far Til Fire
1716,Brødrene Mortensens Jul
1717,Fortnite
1718,Rosario + Vampire
1722,Grimms Notes
1724,Portal
1748,Kirikou
1749,Flunkerne
1752,Wario
1755,Bloodstained
1757,Demon Slayer: Kimetsu no Yaiba
1762,Seven Wonders of the World
1763,Hypnosis Mic
1764,F-Zero
1765,To Heart
1766,Raving Rabbids
1771,The Busy World of Richard Scarry
1773,Disney's Atlantis
1774,Bob's Burger
1775,King of the Hill
1777,Golden Axe
1778,Shinobi
1780,Shenmue
1781,Altered Beast
1782,ChuChu Rocket!
1784,Europa Universalis
1787,Super Smash Bros.
1792,DJMax
1793,Excite
1796,Peaky Blinders
1799,MAR
1800,Puyo Puyo
1801,Monster Musume
1811,Contra
1814,Panel de Pon
1820,Animal Crossing
1821,Punch-Out!!
1822,Max Payne
1830,Wreck-It Ralph
1831,Noddy
1844,Chrono
1847,Star Trek: The Next Generation
1849,Bloons TD
1858,Samurai Shodown
1865,Fatal Fury
1870,Final Fight
1871,Rival Schools
1873,Art of Fighting
1885,Legacy of Kain
1910,Om Nom
1913,Shadowverse
1932,Xenoblade
1933,Arthur
1934,Catwoman
1942,Legend
1964,Top Gear
1967,Viva Piñata
1970,Spriggan
1974,SimCity
1976,Nintama Rantarou
1985,Road Blaster
1993,Army Men
1995,F-1
1998,Re:Zero - Starting Life in Another World
1999,Alex Kidd
2000,Horizon
2005,SoulCalibur
2006,Xenosaga
2009,Strider
2011,Sakura Wars
2012,Valkyria Chronicles
2013,Shining Force
2045,PlayerUnknown's Battlegrounds
2046,Kono Subarashii Sekai ni Shukufuku wo!
2052,Jak and Daxter
2053,Azumanga Daioh
2054,Disgaea
2056,International Superstar Soccer
2060,Michael Jordan
2063,The Shadow
2084,The Legendary Starfy
2086,Serious Sam
2090,Corpse Party
2093,Bikkuriman
2098,God of War
2102,Dizzy
2104,Mega Man X
2109,Resistance
2111,Killzone
2114,Pro Evolution Soccer
2117,Alarm for Cobra 11
2121,Uncharted
2124,SD Gundam
2129,The Rocketeer
2132,Columns
2133,Nendoroid
2135,Zone of the Enders
2136,Centipede
2138,Taiko no Tatsujin
2141,Winning Eleven
2147,The A-Team
2148,E.T. the Extra-Terrestrial
2149,The Magic School Bus
2150,KonoSuba
2151,Ico
2154,Gran Turismo
2158,"Hanayaka Nari, Waga Ichizoku"
2160,Muv-Luv
2161,Tokyo Majin Gakuen
2162,Tama and Friends
2164,Jungle Wars
2169,Dogz
2170,Disney Fairies
2171,Tinkerbell
2173,Noel
2174,Sentimental Graffiti
2180,PixelJunk
2182,R-Type
2214,The Simpsons
2226,Who Wants To Be A Millionaire
2239,Sly Cooper
2240,Infamous
2245,"10mg"
2250,Tsukihime
2251,Danganronpa
2253,Penny Arcade
2254,Disney's Tarzan
2255,Fireman Sam
2258,Rampage
2260,Virtual On
2266,TwinBee
2280,Star Trek: Deep Space Nine
2281,Sam & Max
2283,Oneechanbara
2289,Cyberchase
2294,AKB48
2299,Melbits
2307,Field of Glory
2308,Xuan-Yuan Sword
2310,Go Go Ackman
2311,Pumuckl
2316,Dying For Treasure
2322,Super Robot Wars
2330,Aim for the Ace!
2332,Armored Police Metal Jack
2333,Lunar
2334,Tomorrow's Joe
2337,BanG Dream!
2338,ARGONAVIS from BanG Dream!
2341,Suicide Squad
2345,Love and Berry
2347,Devilman
2361,Wonder Boy
2367,The Prince of Tennis
2378,Honkai
2385,Crazy Penguin Catapult
2391,Heavy Gear
2392,Courage the Cowardly Dog
2397,Ghost of Tsushima
2406,Symphogear
2412,The Idolmaster
2414,Power Instinct
2416,Ratchet & Clank
2417,Diablo
2422,Picross
2436,WWF
2440,Densha de go
2449,Girl Genius
2456,PowerBots
2461,Pixeline
2477,Humpty's Family Restaurant
2479,Kero Kero Keroppi
2483,Drakengard
2491,El Chavo
2505,Claymore
2507,Tokimeki Memorial
2515,Gatchaman
2516,Tekkaman
2521,Koihime
2524,Dodonpachi
2544,Rocket League
2546,Torrente
2549,Deus Ex
2557,Code: Seed
2566,Blood+
2567,Spelunker
2577,Starry Sky
2582,Cardcaptor Sakura
2583,Magical Circle Guru-guru
2584,Magical Girl Lyrical Nanoha
2585,Slayers
2587,The Settlers of Catan
2588,Melty Blood
2595,Arena Football League
2597,Oreo
2600,Piposh
2602,Hakuoki
2616,Codemasters
2624,Ensemble Stars
2639,Deathsmiles
2649,Jing: King of Bandits
2656,Arcana Heart
2658,Deep-Blue
2659,Girls und Panzer
2664,Fate/Stay Night
2665,Carnivores
2675,The Last of Us
2676,Made in Abyss
2685,Mario Kart
2687,Perfect Dark
2692,Shadow Man
2693,Shadowgate
2695,Tony Hawk's
2696,Vigilante 8
2702,Primal Rage
2703,World Heroes
2709,Zombies Ate My Neighbors
2737,Walking With Dinosaurs
2740,Saint Tail
2741,Avernum
2744,Bibi Blocksberg
2745,Hanamaru
2748,Barbapapa
2756,My Teacher is an Alien
2757,Ticket to Ride
2758,The Wild Thornberrys
2760,Lemmings
2763,Duke Nukem
2765,Comic 5trike
2767,ECW
2772,Blaze and the Monster Machines
2773,Mean Girls
2774,Gakkou de Atta Kowai Hanashi
2775,Musou
2783,Girls' Last Tour
2792,Suikoden
2797,Usagi Yojimbo
2801,Castelo Rá-Tim-Bum
2802,Sítio do Pica-Pau Amarelo
2806,The Last Starfighter
2807,TV Colosso
2811,TKKG
2817,El Chapulín Colorado
2818,The Fast and the Furious
2827,Cats & Dogs
2838,Super Chinese
2839,A Nightmare on Elm Street
2840,The Texas Chainsaw Massacre
2841,Halloween
2842,Bugs Bunny
2844,Drugs & Wires
2846,Quiz Magic Academy
2850,Yukikaze
2853,Ragnarok Online
2854,Five Nights at Freddy's
2856,Magical Hat
2858,Gon
2859,Chunithm
2862,No Limite
2864,Bamse
2866,Space Jam
2875,Fort Boyard
2876,Confrontation
2879,Domino's Pizza
2880,GuitarFreaks
2882,Rummel och Rabalder
2883,Usagi: Yasei no Touhai
2891,Team Fortress
2896,Reksio
2903,Bananas In Pyjamas
2909,Swords of Legends
2913,Family Feud
2931,PJ Masks
2936,Is It Wrong to Try to Pick Up Girls in a Dungeon?
2942,Bobby's World
2944,Chip 'n Dale: Rescue Rangers
2973,The Tick
2981,Cheetos
2982,"7 Up"
2988,Titeuf
2991,Monogatari
2993,Adventure Island
3006,Mermaid Melody Pichi Pichi Pitch
3010,Miss Kobayashi's Dragon Maid
3016,Casa dos Artistas
3017,Programa do Ratinho
3023,Big Brother Brasil
3025,Legends of Chima
3026,Fantastic Beasts and Where To Find Them
3028,LEGO Batman
3029,Lego City
3030,LEGO Ninjago
3031,Beethoven
3032,J1 League
3033,Clue
3034,Cool World
3035,Bruce Lee
3043,Kishin Douji Zenki
3044,Last Action Hero
3045,The Mask
3068,Pui Pui Molcar
3071,O Beijo do Vampiro
3076,ShadowHawk
3077,Lobo
3081,Bayonetta
3086,Farscape
3088,Show by Rock!!
3090,Pretty Rhythm
3093,School Days
3094,Una Película de Huevos
3097,Hololive Alternative
3106,Wars
3107,YuYu Hakusho
3109,Bastard!!
3114,Gulliver Boy
3122,Laid-Back Camp!
3126,Baldr
3129,Disney's Beauty and the Beast
3134,Dance Dance Revolution
3138,Yarudora
3142,Majikoi
3150,Ring ni Kakero
3156,Congo
3157,Speedy Gonzales
3158,Atmosfear
3159,Smilingüido
3160,Bonk
3161,Disney's Bonkers
3163,Dennis the Menace
3172,LazyTown
3179,Soletrando
3203,Tiger Woods
3205,Hercules: The Legendary Journeys
3210,Power Pros
3213,Madden
3219,All Japan Pro Wrestling
3222,RTL Television
3224,Armorines
3226,Liberty's Kids
3227,Shoot!
3228,Sabrina: The Teenage Witch
3231,Yadamon
3232,Koryuu no Mimi
3234,The Twisted Tales of Spike McFang
3238,Appleseed
3239,B-Daman
3240,Slam Dunk
3242,The Legend of Galactic Heroes
3244,JWP Pro Wrestling
3245,Jungle no Ouja Tar-chan
3248,Parodius
3249,Ultimate Muscle
3250,Magical Taluluto
3252,Cyborg 009
3255,Osu!! Karate-bu
3257,Mike Tyson
3266,Gdleen
3276,Nobunaga's Ambition
3277,Pokonyan
3278,Akazukin Cha-cha
3279,Anohana: The Flower We Saw That Day
3282,Yokoyama Mitsuteru Sangokushi
3285,Dragon Quest
3286,Violinist of Hameln
3289,Far East of Eden
3290,DOB
3291,Mashin Hero Wataru
3292,Lode Runner
3294,Rascal the Raccoon
3295,U-jin
3296,Keiji
3297,Lord of Lords: Ryuu Knight
3298,Ginga Sengoku Gunyuuden Rai
3299,Bow Wow
3300,Zeiram
3302,Goldfish Warning!
3303,Konpeki no Kantai
3304,Marmalade Boy
3305,Naki no Ryuu: Mahjong Hishou-den
3307,Naruhodo! The World
3308,Time Bokan
3309,Rokudenashi Blues
3312,The Game of Life
3314,Sword World
3315,Madara
3317,Momotaro Densetsu
3325,Super Zugan
3331,Super Sonico
3339,Property Brothers
3342,Navy Seals
3348,Cycling Manager
3349,Solo Leveling
3356,Law of Ueki
3366,The Office
3390,Kunio-kun
3400,Flying Dragon
3405,Kokoro Connect
3412,Gormiti
3420,Hetalia
3423,Urusei Yatsura
3426,Black Rock Shooter
3429,High School DxD
3438,Emily the Strange
3439,Just Dance
3454,Bincho-tan
3456,Nickelodeon
3457,Vampire the Masquerade
3468,Akazukin ChaCha
3469,Galaxy Fräulein Yuna
3470,Welcome to Pia Carrot!!
3471,Tenchi Muyo
3507,Monkey Island
3508,Big Brother
3511,Ai Yori Aoshi
3512,Missing Parts: The Tantei Stories
3516,Onegai My Melody
3517,My Melody
3525,Saki
3529,Clueless
3534,AFL
3540,Doukyuusei
3541,Oreimo
3546,Brothers Conflict
3547,Uta no Prince-sama
3549,Gachapin
3554,Fushigi Yuugi
3559,Mars of Destruction
3560,Project 575
3561,Crazy Frog
3562,Chobits
3567,Ouran High School Host Club
3569,Leisure Suit Larry
3583,Disney's Aladdin
3584,Anastasia
3585,Battlebots
3587,Candy Land
3589,Dan Marino
3592,Dinosaurs
3594,Disney's Doug
3595,Dr. Fad
3596,Ed Grimley
3599,Franklin the Turtle
3600,Full House
3602,Goofy
3603,Hollywood Squares
3604,Disney's Hunchback of Notre Dame
3605,The Incredible Crash Dummies
3619,MC Hammer
3620,The Mighty Ducks
3621,Mr. Potato Head
3622,Name That Tune
3625,Police Academy
3626,Polly Pocket
3627,The Price is Right
3630,Disney's Snow White and the Seven Dwarves
3633,Swamp Thing
3635,Titan A.E.
3637,The Wolf Man
3638,VR Troopers
3640,Wayne’s World
3641,The Rescuers
3643,Twin Peaks
3644,Unikitty
3654,Postman Pat
3655,Elsword
3656,That's So Raven
3659,Jolly Green Giant
3660,Nil Admirari no Tenbin
3662,The Rose of Versailles
3667,Gummy Bear
3668,Kyou kara Maou!
3672,Rasetsu
3679,Ozmafia
3681,Beck
3683,Dororo
3686,Waterworld
3690,Dead by Daylight
3696,Aggretsuko
3699,Kamisama Kiss
3703,Kings of My Love
3706,"12-Sai"
3707,Chuck E. Cheese
3709,Kimi ni Todoke
3711,Mr. Bean
3712,Boys Over Flowers
3720,Mushishi
3722,Kirarin Revolution
3725,Mitsu x Mitsu Drops
3726,Saiyuki
3727,Senninha
3737,Di Gi Charat
3739,Dr. Rin ni Kiitemite
3740,Hayate the Combat Butler
3744,Full House Kiss
3745,Sensual Phrase
3746,Dear Girl: Stories
3752,Gakuen Alice
3753,Kenka Banchou Otome
3755,Kyatto Ninden Teyandee
3764,Zozole
3769,Kantai Collection
3770,Princess Connect!
3777,Magical Taruruto
3779,You Don't Know Jack
3781,Boys Be
3785,Kiteretsu Daihyakka
3786,Disney's Hercules
3787,Disney's The Jungle Book
3789,Disney's Peter Pan
3790,Disney's Mulan
3791,Disney's Cinderella
3792,Disney's The Hunchback of Notre Dame
3793,Up
3795,Threads of Destiny
3796,Suki Desu Suzuki-kun
3798,My Guardian Characters
3799,Ghost Sweeper Mikami
3800,Eggerland
3801,Papuwa-kun
3802,Uwasa no Midori-kun
3803,Vampire Knight
3804,Total Drama
3806,UEFA
3811,Kyoro-chan
3815,Science Adventure
3817,Mystery Gensokyo
3823,Baby Shark
3826,Pocoyo
3829,Yatterman
3830,Tatsunoko
3831,Casshan
3832,Onimusha
3833,Golden Warrior Gold Lightan
3834,The Genie Family
3835,Gyakuten! Ippatsuman
3836,Karas
3837,Hurricane Polymar
3843,Lucky Star
3846,Detective Conan
3850,Ushio to Tora
3851,Pingu
3852,Anpanman
3854,Yahtzee
3858,Tokyo SHADOW
3859,NSync
3873,Duck Dynasty
3889,Gunhed
3900,The Polar Express
3904,Rozen Maiden
3916,Caillou
3919,Kato-chan Ken-chan Gokigen TV
3924,Nadia: The Secret of Blue Water
3926,Sofia the First
3928,We Bare Bears
3930,Les Visiteurs
3932,Tenchi wo Kurau
3938,Fanboy & Chum Chum
3944,Elemental Gelade
3950,Mahoromatic
3951,Silent Mobius
3958,Banner of the Stars
3959,Crest of the Stars
3962,Gakuen Heaven
3964,Magical Taluluto-kun
3967,Peacock King
3970,Qual é a Música
3974,Thunder in Paradise
3976,Firearm
3977,Blue Exorcist
3981,Galidor
3983,Prime
3985,Full Metal Planete
3988,"$1,000,000 Kid"
3989,Zipang
3992,Moeru! Onii-san
3993,Super Rescue Solbrain
3994,Mr. Vampire
3995,The Wonderful World of Puss 'n Boots
3998,Tokyo Xtreme Racer
3999,Johnny Test
4000,Wangan Midnight
4015,Kazaam
4016,Mighty Max
4017,Masked Rider
4036,An American Tail
4037,Furby
4038,Super Password
4041,The Pagemaster
4042,Babe
4047,Galaxian
4048,Dynaman
4051,Patalliro!
4052,Juuoumaru
4055,The Pirates of Dark Water
4056,Family Stadium
4057,NPB
4063,Dead Island
4066,The Benza
4072,Teddy Floppy Ear
4073,Prima Doll
4074,Alice in the Country of Hearts
4076,Bucky O'Hare
4077,The Lone Ranger
4078,Bull's Eye
4079,ReBoot
4080,Rescue 911
4086,Red Bull
4087,Pretz
4092,Sabritas
4093,LOL: Hasse toh Phasse
4095,Are You Smarter Than a 5th Grader?
4099,Disney's Sleeping Beauty
4101,Care Bears
4102,The Cheetah Girls
4105,Lethal Weapon
4106,Benjamin Blümchen
4107,Eyeshield 21
4109,Kommissar Kugelblitz
4111,MLS
4114,Nana
4116,The Fall Guy
4119,Monochrome Factor
4120,Soul Eater
4123,Skip Beat!
4137,Camp Rock
4139,K Project
4140,Spy x Family
4144,Huanxiang Sanguozhi
4154,Alias
4157,"Ooh, Aah & You"
4162,Ocha-ken
4164,Prince of Stride
4166,Raul Gil
4184,Norn9
4186,Ar tonelico
4192,Battle Vixens
4203,Grander Musashi
4206,Chou Majin Eiyuu-den Wataru
4207,Midori no Makibaoo
4208,Oha Suta
4216,Ninja Nonsense
4217,Osomatsu-kun
4227,Gaist Crusher
4244,GeGeGe no Kitaro
4246,Fate/Extra
4250,Little Ghost Q-Taro
4251,Ninja JaJaMaru-kun
4252,Jujutsu Kaisen
4253,Tokyo Revengers
4255,Touken Ranbu
4256,Niniz
4257,Gudetama
4258,Quiz Hexagon
4259,Oden-kun
4260,Haneru no Tobira
4262,Peking Man
4263,Bubble Guppies
4264,Jake and the Never Land Pirates
4265,Disney's The Princess and the Frog
4266,Doc McStuffins
4267,Cy Girls
4268,Licca-chan
4271,"Ni Hao, Kai-Lan"
4272,Olivia
4273,Phineas and Ferb
4274,Wallykazam!
4275,The Good Dinosaur
4276,Turbo
4277,The Backyardigans
4278,Black Panther
4279,The Wiggles
4280,Wow! Wow! Wubzy
4281,VeggieTales
4286,Bluey
4289,Space Dandy
4293,Mushoku Tensei
4301,The Fly
4302,Pense Bem
4310,Shin Nippon Pro Wrestling
4333,swapnote
4369,Nev the Bear
4372,Sugar Sugar Rune
4378,Fatal Frame
4379,WBSC
4387,Carnivalé
4396,The Croods
4406,Gambler Jiko Chuushinha
4410,"Little Indian, Big City"
4411,Sylvanian Families
4413,Quest for Camelot
4416,Kkoma Daejang Mangchi
4420,KuruKuru Princess
4421,PGA Tour Golf
4422,Studio Up Down
4423,My Next Life as a Villainess
4426,Cinnamoroll
4427,Mamegoma
4428,Felix
4435,Tochi
4439,Marsupilami
4444,Megaton Musashi
4447,Aotu World
4448,Genius Quiz
4454,Battle Tactics
4458,We're Back! A Dinosaur's Story
4459,Agro
4460,Disney's Dinosaur
4461,Gravity Falls
4463,Disney's Alice in Wonderland
4464,Herbie
4465,Disney Playhouse
4466,Violetta
4467,Big Hero 6
4468,Maleficent
4469,Ghosts of Mistwood
4470,Enchanted
4471,Brother Bear
4472,The Haunted Mansion
4473,The Wild
4474,Treasure Planet
4475,Disney's Little Einsteins
4476,Home on the Range
4477,The Sorcerer's Apprentice
4478,Disney's A Christmas Carol
4479,A Christmas Carol
4480,Basil the Great Mouse Detective
4481,One Thousand and One Nights
4482,Disney's Pinocchio
4483,The Hunchback of Notre-Dame
4485,Child's Play
4486,Hill Climb Racing
4489,Chupa Chups
4490,Henry Danger
4494,WTA
4495,NBC
4497,Troy Aikman
4498,Hole in the Wall
4499,Gorillaz
4500,Dom Zelittu's
4507,Mr. Men &amp;amp; Little Miss
4509,PaRappa the Rapper
4526,Killer Karaoke
4527,The ZhuZhus
4528,Kevin Keegan
4534,Battle Bears
4536,Dale Jarrett
4537,Bobby Labonte
4538,Trails
4540,rubble trouble
4547,"3788"
4550,Disney's The Little Mermaid
4552,Dracula
4555,Voltorometer
4556,Lovely Cat
4558,Overcooked
4559,Parasite Eve II
4560,The 3rd Birthday
4562,Jungle Book
4563,Trip the Ark Fantastic
4564,Xeno
4565,Top Speed
4566,Sunrise World War
4567,Sunrise Eiyuutan
4571,Bloons
4572,Xuxa
4573,Dolly
4574,Acquaria
4575,Sandy &amp;amp; Junior
4576,Geraldinho
4577,Sapo Xulé
4578,Open Season
4579,"Crouching Tiger, Hidden Dragon"
4581,Pollyana
4583,Foodfight!
4587,Sokobear
4594,A Turma do Arrepio
4596,Narcos
4599,Tensai Bakabon
4600,Planet X
4601,Madou Monogatari
4609,Disney Tsum Tsum
4616,Nissin
4620,Jorel's Brother
4627,Pole Chudes
4630,Warhammer Age of Sigmar
4631,Stuart Little
4645,Hello Neighbor
4647,Lupo Alberto
4649,MapleStory
4650,Breathedge
4654,Let's Sing
4662,Hermes e Renato
4670,Nausicaä of the Valley of the Wind
4671,Dobuki Games
4676,FAR Universe
4683,Umamusume
4685,Moana
4686,Formula One
4690,Kindaichi Case Files
4691,arma
4692,Little Critter
4693,The Berenstain Bears
4695,Formula 1
4697,Princess Princess
4702,Sand Land
4705,My Next Life as a Villainess: All Routes Lead to Doom!
4717,Britney Spears
4718,Jeremy McGrath
4719,Clifford the Big Red Dog
4720,Rivals of Aether
4721,Space Battleship Yamato
4727,The Boss Baby
4728,The Last Kids on Earth
4729,TNA
4731,Invincible
4733,The Complex
4735,Animorphs
4737,Captain Underpants
4738,Unbreakable Kimmy Schmidt
4739,Stretch Armstrong
4740,Spirit
4743,My Horse Club
4744,Necromunda
4745,Blood Bowl
4749,The Thundermans
4750,Troll Doll
4751,Wii
4752,from ARGONAVIS
4757,Ferrari
4758,Planet 51
4764,Cutthroat Island
4770,Game Shakers
4771,The Loud House
4772,T.U.F.F. Puppy
4773,The Penguins of Madagascar
4774,Sam and Cat
4775,Planet Sheen
4785,Project A-ko
4790,Fido Dido
4791,Monsta Infinite
4792,Cooking Academy
4794,Pucca
4799,Fazbear Fanverse Initiative
4800,Chainsaw Man
4804,Archer
4814,Reebok
4815,Delta Force
4816,Love Island
4820,Guardians of the Galaxy
4821,Wimbledon
4822,paranoia
4823,Os Trapalhões
4824,Makai Kingdom
4825,Phantom Kingdom
4826,moonlightsculptor
4827,Infinite Realms
4828,Ayrton Senna
4829,Lucha Masters
4830,Rebel Moon
4831,Mafia Thief
4832,Gatineau Inc.
4833,The Widget Franchise
4834,Pong
4835,It's Always Sunny in Philadelphia
4836,Bram Stoker's Dracula
4837,Barney
4838,Demolition Man
4839,ATP Tour
4840,The Phantom
4841,sdrogo
4842,Sotsugyou
4843,Passpartout
