"game_engine_id","name"
2,Frostbite
3,Source
4,GoldSrc
5,NeL
6,Unreal Engine
7,Scimitar
8,Havok
9,Anvil
10,AnvilNext
12,Telltale Tool
13,Unity
14,MT Framework
16,Disrupt
17,Havok Physics
18,"4A Engine"
19,Snowdrop
20,Doom engine
21,TheEngine
22,UbiArt Framework
23,Serious Engine 4
24,REDengine
25,CryEngine
26,RAGE
27,Dark Alliance Engine
28,Infinity Engine
29,Fox Engine
30,Angelica III
31,Adventure Game Studio
32,Retox
33,Forgelight Engine
34,GlassBox
35,Northlight Engine
36,Asura
37,Quest
38,Diesel
39,SCI1.1
40,Titan 2.0
41,RenderWare
42,SpeedTree
43,Dark Engine
44,Velocity Engine
45,Vision
46,Crystal Engine
47,id Tech 5
48,id Tech 4
49,Pyrogenesis
50,Starbreeze Engine
51,"3Space"
52,In-house engine
53,SCUMM
54,Gamebryo
55,Euphoria Engine
56,id Tech 3
57,Real Virtuality
58,Ignite Engine
59,Impact Engine
60,Prism3D
61,LithTech
62,Torque Game Engine
63,Adobe AIR
64,Adobe Flash Player
65,Torque 2D
66,BigWorld
67,MAX-FX
68,Aurora Engine
69,Build
70,The Sims 3 Engine
71,Z-machine
72,Odyssey
73,Babel engine
74,X-ray Engine
75,Eclipse Engine
76,Jade
77,AGOS
78,Chrome Engine
79,GameMaker: Studio
80,HydroEngine
81,RPG Maker VX Ace
82,MonkeyX
83,TDRPG Engine
84,Custom built engine
85,Gex engine
86,IceWave
87,HeroEngine
88,Genome
89,PhysX
90,Avalanche engine
91,PathEngine
92,XnGine
93,Radiant AI
94,FaceGen
95,Creation Engine
96,SAGA
97,id Tech 2
98,Neon Engine
99,Ego Engine
100,Nod Engine
101,Virtual Theatre
102,Virtools Engine
103,Microsoft XNA
104,MonoGame
105,Essence Engine
106,ROMU
107,Firaxis LORE
108,Amityville
109,Horizon Engine
110,Labyrinth Engine
111,Groovie
112,FlatRedBall
113,Twilight
114,Crystal Tools
115,Video Reality
116,id Tech 1
117,Quantic Dream Engine
118,Dunia Engine
119,Glacier
120,Enfusion
121,Refractor Engine
122,Chameleon
123,IW Engine
124,Treyarch NGL
125,Voxel Space
126,Kinetica
127,LS3D
128,BitSquid
129,Emmersion
130,SAGE
131,W3D
132,Voxel Plus
133,Terrabuilder
134,ZenGin
135,Geo-Mod
136,Popcap Games Framework
137,SlaveDriver
138,Jedi
139,Sith
140,Ecstasy Engine
141,PainEngine
142,AGI
143,Sierra's Creative Interpreter
144,iMUSE
145,GrimE
146,Beard+Razor
147,YETI
148,Voxlap
149,Proprietary Engine
150,Onyx Engine
151,Plasma Engine
152,Saber3D
153,LyN
154,Vengeance Engine
155,INSANE
156,Clickteam Fusion
157,GAIA
158,Xed
159,Playground SDK
160,Autodesk
161,STEAM engine
162,Vampire
163,CloakNT3
164,MacVenture
165,Gold Box
166,enhanced Adventure Island
167,Cube Engine
168,Angelica 3D
169,Eparch 2D
170,Objectnaut
171,Flixel
172,id Tech 6
173,OGRE
174,PhyreEngine
175,Dark Side
176,Earth-4
177,Nebula Device
178,HPL
179,Ren'Py Visual Novel Engine
180,Marmoset
181,Kapow
182,Enigma engine
183,RAD Engine 4.0
184,Killzone Shadow Fall engine
185,Game World Builder
186,OEngine
187,Alamo
188,Snowblind engine
189,AtmosFear
190,Omen Engine
191,VR-6
192,MassTech
193,STORM Engine
194,isiMotor2
195,Dawn Engine
196,FXEngine
197,Enforce
198,Vital Engine
199,Macromedia Director 2.0
200,Evolution
201,RuneTek
202,ioquake3
203,UE4 - duplicate
204,Forest Hale’s Darkplaces engine
205,DarkPlaces engine
206,Construct 2
207,Genie Engine
208,Zero
209,Godfather engine
210,Visceral Engine
211,Dragonfly
212,Luminous Studio
213,Java
214,COBRA
215,ASKA
216,Real Live
217,Lightweight Java Game Library
218,node.js
219,NScripter
220,Vicious Engine
221,Game Maker
222,True3D
223,Beautiful Voxel
224,X3 Reality
225,Phoenix Engine (Relic)
226,X Engine
227,GEM
228,Prometheus In-Game Engine
229,Moai
230,Gepard 3D engine
231,SigE
232,"0gf3. gine"
233,Virtual Dream
234,TW Engine 3
235,Twine
236,Cocos2d
237,The Madness Engine
238,Sprint
239,Irrlicht
240,Multimedia Fusion
241,Dragon Co's engine
242,Super Star Wars
243,A-Life
244,Vsim
245,Europa
246,Wolfenstein 3D
247,SurRender 3D
248,StarLancer Engine
249,Forsaken World Engine
250,Beelzebub
251,Fighter Maker
252,ZEN
253,Unigine
254,AGDS (Advanced Graphic Development System)
255,Divinity Engine
256,Siglus
257,BASIC
258,Panta Rhei
259,Heroic Driving Engine
260,Octane Engine
261,Soft Engine
262,Alchemy
263,Sparta 3D
264,Traktor
265,isiMotor
266,Virtual World Inventor
267,rUGP
268,c#
269,Freescape
270,Cinematique
271,XNA Game Studio
272,KiriKiri
273,Shadow Knights
274,AbbeyCore
275,The Banner Saga Engine
276,Klik & Play
277,WOLF RPG Editor
278,The Sims 2 Engine
279,HPL Engine
280,SmartSim
281,Phoenix VR
282,RENA
283,Ice-Peak Engine
284,Windows Animation Package 32
285,Spring
286,Silent Storm Engine
287,EAGL
288,Dagon Engine
289,Wintermute Engine
290,Gouache Engine
291,CANVAS Engine
292,VRAGE
293,jMonkeyEngine
294,Serious Engine 3.5
295,GameZ
296,Clausewitz Engine
297,Crystal Space
298,PHP
299,MySQL
300,HTML
301,CSS
302,JavaScript
303,AJAX
304,The Reality Engine
305,RPG Maker
306,Solar2D / Corona SDK
307,Hammerhead
308,Cryengine 2
309,Phoenix Engine (Wolfire)
310,Blam! Engine
311,Iron Engine
312,Torque 3D
313,Beam Next Generation
314,Dagor Engine
315,FAME Tech
316,Serious Engine
317,EDuke 32
318,Silk Engine
319,Cougar Adventure Engine
320,Gamebook Adventures Engine
321,Trinity Vision Engine
322,ZDoom
323,pc
324,mobile
325,Bluepoint Engine
326,Quantum3
327,Infernal Engine
328,Nocturne Engine
329,Multimedia Applications Development Environment
330,Trinigy Vision Engine
331,Nitrous
332,Atrophy
333,Horizon
334,RPG Maker XP
335,Black Hawk engine
336,Bomberman Engine
337,Void Engine
338,Z-Engine
339,The Eight-Bit Universal Role Playing Engine
340,GameMaker
341,Cryptic Engine
342,MEGA Engine
343,Box2D
344,Pygame
345,Open Dynamics Engine
346,Road Hog Engine
347,Visionaire
348,Macromedia
349,Orochi
350,Taito Type X
351,Unreal Engine 3
352,Black Sun Engine
353,BRender
354,RE Engine
355,Titanium
356,Turbulenz Engine
357,Sonic Worlds
358,Blitz3D
359,BlitzMax
360,SKALD
361,Top Hat Engine
362,Foundation Engine
363,Film Window
364,Argon
366,Stingray Engine
367,Photex
368,Dx Studio
369,libgdx
370,Spritekit
371,Gideros
372,"3D Game Studio"
373,HaxeFlixel
374,SGE Game Engine
375,Abyss
376,Adventure Maker
377,LASSIE engine
378,Lassie Shepherd
379,Sahara Engine (custom built)
380,C++
381,Valhalla
382,Phaser
383,Sparkle Engine
384,CharLib
385,Adventure Creator
386,Whale 2
387,Praxis
388,download
389,Pixi
390,Alan Wake engine
391,Dragon Engine
392,"001"
393,Sephius Engine
394,renpy
395,paprastas
396,BattleCore
397,Faktum Engine
398,Chess Engine: The King
399,Qt
400,LÖVE
401,Numbat Engine
402,Cocos2d-x
403,T-REX Sandbox
404,Unity 4
405,Tease2D
406,Kapow Systems 3D
407,Flashpunk
408,Un
409,GameSalad
410,android
411,Game Maker Studio
412,Decima
413,Buildbox
414,html5
415,Internal Piranha Byte's Engine
416,Evolution Engine
417,NVLMaker
418,Mercury Steam Engine
419,Buildbox
420,Stencyl
421,Amazon Lumberyard
422,Intelligent Stupidity
423,wpf
424,Homemade
425,lucha
426,pyglet
427,Asura engine
428,Sigma Engine
429,AngularJs
430,ios
431,kp
432,Phoesion GE
433,In House Engine
434,Novelty
435,Lair Engine
436,DreamWorld
437,BANG!
438,Real Virtuality 3
439,Unreal Engine 4
441,ChoiceScript
442,Shark 3D
443,fps creator classic
444,Leadwerks
445,RV4
446,Icarus Platform
447,PINA
448,RPG Maker MV
449,Turbine
450,Dulst
451,Presto Studios
452,Saber 3D engine
453,Rataj's Browser Game Engine
454,ArenaNet Guild Wars
455,Orx
456,Godot
457,Spellwrath (Custom Engine)
458,K2 Engine
459,buidlbox
460,Stratagus
461,Atari System 2
462,"Custom HTML5, JavaScript, CSS"
463,super fx
464,Visual Studio
465,Nvidia PhysX
466,GH Engine
467,BTZ
468,Blender Game Engine
469,React Native
470,GameGuru
471,Sega Model 2
472,ENIN Engine
473,Sketcher Engine
474,Brigitte
475,Aspyr
476,OpenFL
477,D3D
478,a000ff
479,Black Desert Engine
480,XIGNCODE3
481,Real Virtuality 4
482,CryEngine 3
483,Intersect
484,AZ (Arika Engine)
485,The Illusion Engine
486,FLEDGE Engine
487,Turbine G3
488,PC
489,Riot Engine
490,Bedrock Engine
491,Frostbite 3
492,StoryForge
493,PixiJS
494,Falling Everything Engine
495,C#
496,Unreal Engine 2
497,Hedgehog Engine
498,DS2
499,NightShade Engine
500,Eclipse
501,Silverback Engine
502,Autodesk Beast
503,Simplygon
504,Disruptor Engine
505,Spenefett
506,"42"
507,Godot Engine
508,Alternativa Engine
509,Unity 2017
510,Super Mario Bros. X
511,Genesis3D
512,Taito FX-1
513,Firebird Engine
514,Orion Engine
515,Ronin
516,Krome Studios Engine
517,PlayCanvas
518,Pinball 2000
519,Offset Engine
520,love2d
521,Blukpast (homebrew)
522,IRISZOOM
523,Orochi 3
524,createjs
525,SolidEngine
526,zandronum
527,SDL
528,Glacier 2
529,Unity 5
530,BackboneJS
531,KUBOTA/CATERPILLER
532,GameMaker Studio 2
533,SCGI
534,SCI0
535,SCI1
536,SCI
537,Veronica Engine
538,SuperScroller
539,C4 Engine
540,War3
541,DarkBASIC Pro
542,Bright Light Halogen
543,A.L.I.V.E.
544,NoviceX
545,Duplicate 669
546,AGS
547,TW Engine 1
548,TW Engine 2
549,Spartan: Total Warrior Engine
550,Flash CS6
551,android studio
552,Invictus SCX
553,"Custom Engine ""VantEdit"""
554,Wolfenstein 3D Engine
555,Distortion Tools
556,GameStudio A8
557,Source 2
558,Inform
559,GameSparks
560,"4EVOLVE: Traxor Engine"
561,Doom Legacy
562,AtomicEngine
563,Ripp3d
564,DarkEngine
565,phaser.io
566,web gl
567,Insomniac Engine v.4.0
568,DoomRPG
569,Wolfenstein RPG
570,Visual Novel Maker
571,broww
572,GlyphX
573,Naughty Dog Engine
574,Apex
575,CryEngine 5
576,Slipspace Engine
577,Construct 3
578,Liquid Engine
579,C-Engine
580,AEGIS
581,Granny 3D
582,Google Play Services
583,OWI Core
584,PTK Toolkit
585,VERGE
586,Spiller
587,EGO Engine
588,OpenGL
589,Macromedia Director
590,J2ME
591,SceneKit
592,SRPG Studio
593,Allegro
594,flash
595,FNA
596,FAudio
597,Mario Builder
598,Sega System 16
599,Geo-Mod 2.0
600,WangReal Engine
601,Unity 2018
602,StageMechanic
603,Unity3D
604,"12"
605,Panda3D
606,OpenMW
607,Visionaire Studio
608,Symbian
609,Pie in the Sky
610,Heaps.io
611,Smile Game Builder
612,Quicksilver X
613,Hiber
614,Tyranobuilder Visual Novel Studio
615,Sensible Soccer
616,CloudNovel
617,Yuna Engine
618,Swarm Engine
619,Flare
620,Gdevelop5
621,Capcom Play System (CPS-1)
622,Aether Engine
623,Abyss Engine
624,DemonStar Engine
625,Starling
626,LithTech Jupiter
627,RealSpace 2
628,Vulkan
629,Lua
662,ZeldaClassic
663,Lithtech Triton
664,Asylum
665,Soft Engine 2.0
666,Soft Engine Lite
667,Unreal
668,CATHODE Engine
669,Essence Engine 5
670,Jomini Engine
671,The Creator Engine
672,Voyager Engine
673,Serious Engine 4.0
674,StarEngine
675,Thorskan Engine
676,E.V.I.L Engine
677,Warriors engine
678,Unchained Engine
679,BigBang
680,Cyllista Engine
681,KT Engine
682,Doom engine [ using OpenGLES ]
683,Schmetterling 2.0
684,REDengine 4
686,LSSDK
687,id Tech 7
688,EA Graphics Library
689,GlyphX Engine
690,swift
691,VueJS
692,ElectronJS
693,Cordova
694,nine-gine
695,KEX
696,RPG Maker 2000
697,I-Novae Engine
698,Haxe OpenFL
699,Havoc
700,Defold
702,BYOND
703,RPG Maker Fes
704,RPG Maker VX
705,Alien Shooter Engine
706,NetImmerse
739,Quicksilver X Engine
740,Touch Video
741,Spark Casual Engine
742,rpg
743,Veloren Engine
744,Unity 3d
745,Origin FX
746,BGI/Ethornell
747,libGDX
748,Vision Engine
749,Zod Engine
750,Unity 2019
751,Visual Basic
752,The Alan Wake Engine
753,Quixel Megascans
754,Ubisoft Anvil
755,BigWorld Technology
756,SeriousProton
757,ADV+++
758,proprietary engine [ by Pearl Abyss ]
759,proprietary engine [ by Grinding Gear Games ]
760,Insomniac Engine
761,proprietary engine [ by Blizzard Entertainment ]
762,Shooting Game Builder
763,GZDoom
764,FluffOS
765,RPG Maker 2003
766,Saber3D Engine
767,Frostbite 2
768,Doom RPG
769,GEM2
770,Turok
771,STEM engine
772,Acknex
773,(CN) GameEngine 5
774,Mohawk
775,HyperCard
776,Plasma
777,ALIVE
778,YU-RIS
779,InnocentGrey
780,ExHibit
781,Descent Engine
814,Luca System
815,Messiah Engine
816,Yamaneko Engine
817,NeoX engine [ by NetEase Games ]
818,proprietary engine [ by Team Ninja ]
819,Ikura GDL
820,LithTech Jupiter EX
821,E-mote
822,Artemis Engine
823,YU-RIS Script Engine
824,CatSystem2
825,MADNESS Engine
826,LC-Script Engine
827,bruns
828,SiglusEngine
829,PICO-8
830,QLIE
831,PuzzleScript
832,ZZT
833,Scratch
834,TyranoScript
835,Dark Sun
836,namco
837,Bitsy
838,Unreal 2.5
839,Unreal Engine 2.5
840,RSPiX
841,C0var1ant RPG Engine
842,MascotCapsule
843,unreal 4
844,inkscape
845,FS
846,ADV Player HD
847,AnyWorld
871,Freespace 2
872,HOPA Engine
873,UE4
874,krkr2
875,N2System
876,Ren'Py
877,Blackbox Engine
878,super mario
879,Alicesoft System 3.9
880,Alicesoft System
881,Retro Engine
882,melon.js
883,Aseprite
884,LMMS
885,Hedgehog Engine 2
886,OpenBOR
904,After Dark
905,Construct
906,The Games Factory
937,RenderDragon
938,Cyber Dreams Engine
939,DreamFactory
940,Sega NAOMI
970,Atomiswave
971,Sega Chihiro
972,Sega Lindbergh
973,Sega ALLS
974,CPAL3D Engine
975,TIC-80
976,CP System II (CPS-2)
977,CP System III (CPS-3)
978,Crystal Mines
979,Mars VR Engine
980,OpenDune
981,Blazing Renderer
982,Unreal Engine 5
983,Simple and Fast Multimedia Library
984,Adobe Photoshop
985,Logic Pro
986,Audacity
1003,Konami GX945
1004,Konami Hornet
1005,Pheonix 3D engine
1006,Namco System 246
1007,Bemani System 573 Analog
1008,CloakNT
1009,KRASS Engine
1010,Bemani System 573 Digital
1011,Bemani Python 2
1036,Bemani PC Type 4
1037,Bemani PC Type 5
1038,ZGameEditor
1039,Object Locative Environment Coordinate System
1040,Jade Engine
1041,Despair
1042,Zandronum engine
1043,ForzaTech
1044,Disrupt Engine
1045,Eco-Motion Engine
1046,GGMax
1047,RENKEI Engine
1048,Cobra Engine
1049,Raconteur
1050,Logan's Shadow
1051,Super Mario 64 Engine
1052,Rpgmak
1053,M.U.G.E.N
1054,I.K.E.M.E.N
1055,FIFA 2001 Engine
1056,Super Monkey Ball Engine
1057,Capcom VS SNK 2 Engine
1058,Capcom Sports Club Engine
1059,Modified Internal Engine
1060,DikuMUD
1061,Crimson Engine
1062,FIFA International Soccer
1063,Cardinal Game Engine
1064,JEng
1065,Texture
1066,Windrift
1067,Text Adventure Development System (TADS)
1068,Hugo
1069,GB Studio
1070,XRay-Monolith
1071,NekoSDK
1072,A.G.O.N. (Ancient Games Of Nations)
1073,Varytale
1074,NW.js
1075,LightForce
1076,Engine
1077,System4
1078,darkness
1102,Genesis Engine
1103,Custom C++ Backend
1104,qfusion
1105,Game Maker Studio 2
1106,Ego Engine
1107,sdl2
1108,Starlight
1109,idTech3
1110,CryEngine V
1111,Chowdren
1112,Sunshine
1113,Sunshine Engine
1114,StepMania
1115,Coretech 3
1116,Quark Engine
1117,Google Cloud Platform
1118,Ink
1119,Ftech
1120,Roblox Studio
1121,BabylonJS
1122,Angular
1123,Capcom Play System III (CPS-3)
1124,Capcom Play System II (CPS-2)
1125,Ftech X
1126,StarCraft II
1127,adrift
1128,Pixel Game Maker MV
1129,Adventure Game Toolkit (AGT)
1130,Aleph One
1131,Steamclock Software
1132,Fuse MOS
1133,EngineX
1134,skaza engine
1135,AIMS
1136,HDAurora
1137,Go
1138,System-NNN
1139,Flutter
1140,Chess Engine
1141,Versu
1142,DX12
1143,Tesseract
1144,avdl
1145,Unity 2020
1146,RPG Maker MZ
1147,Invention
1148,NeXAS
1149,EMotion FX
1150,Capcom Play System Dash
1151,Dhewm 3
1152,Custom C# Engine
1153,Custom Java Server
1154,EngineXT
1155,IW Engine 3.0
1156,Red Ring
1157,Dæmon
1158,V-Cruise engine
1159,ShiVa3d
1160,Quakespasm
1161,flowlab
1162,minorGems
1163,MechWarrior 2
1164,Cardboard
1165,ROBLOX
1166,"2D Fighter Maker 2nd."
1167,proprietary engine [ by Uncasual Games ]
1168,ThreeJS
1169,Solarus
1170,T-Engine
1171,BEPUPhysics
1172,OpenSpace
1173,Darkplaces engine
1174,Antarctica
1175,Bullet
1176,Meep
1177,BepuPhysics
1178,LZDoom
1179,stockfish
1180,FMOD
1181,Linguini Engine
1182,GameMaker Studio
1183,COLDc
1184,Bitsy 3D
1185,Creatures Evolution Engine
1186,Rockstar Advanced Game Engine
1187,Hiber Engine
1188,Glulx
1189,MapTools
1190,PyWright
1191,Flambe
1192,Legion
1193,QuickTime VR
1194,Namco System 86
1195,Core Design
1196,LegendO
1197,react
1198,Dreams
1199,Super Marisa World engine
1200,NESmaker
1201,Discord.py
1202,DC Tech Three
1203,.ZnZin
1204,QuakeWorld
1205,Skulltag
1206,GLM
1207,LibUSB & HIDAPI
1208,GLAD
1209,Tenka Touitsu ADVANCE
1210,Darkstar
1211,Trial
1212,plays
1213,ADE-704A
1214,ADE-6291
1215,VASSAL
1216,Immortal Engine
1217,RPG Maker Dante 98 II
1218,Minetest(Q89114416)
1219,QZandronum
1220,menduz engine
1221,Strikeout
1222,Neo Geo MVS
1223,Windows Mobile
1224,Windows
1225,PokeSDK
1226,egene
1227,Professional Adventure Writing System
1228,FOnline
1229,BlooMoo
1230,Giants
1231,Taito F3 System
1232,Intersect Engine
1233,MAGE
1234,Taito G-NET
1235,NESiCAxLive
1236,Namco System
1237,Super Namco System
1238,Python Arcade Library
1239,unity engine
1240,Pokemon Essentials
1241,mkxp-z
1242,WonderWitch
1243,RPG Maker 95
1244,Dreamatrix
1245,Sandbox Adventure Engine
1246,Custom C Backend
1247,appeal studios
1248,SonicOrca
1249,Nethergate
1250,Airem engine
1251,Unity 2021
1252,AVG32
1253,FlixEngine
1254,OHRRPGCE
1255,CopperCube
1256,Majiro
1257,Infinity Engine 2
1258,THE DREAMBOX ENGINE
1259,Marathon Engine
1260,Marathon 2 Engine
1261,RPG Tsukuuru Super Dante
1262,Kaite Tsukutte Asoberu: Dezaemon
1263,Oynx Game Solutions
1264,https://www.twitch.tv/directory/game/Twitch%20Sings
1265,Southpaw
1266,Emulator
1267,Genome Engine
1268,Steambox
1269,V-Nuke
1270,Nugbase Engine
1271,Gen Xenotime 3D
1272,Rpgmaker
1273,VeChain
1274,WillPlus
1275,Charles Engine
1276,Eggvine
1277,MS23
1278,MS30
1279,MS25
1280,MS26
1281,steam
1282,Croc 2
1283,Adobe Animate
1284,Motorola M6502
1285,FOCAL
1286,Super Contra
1287,Atari 6502
1288,SUGAR
1289,Trerarch NGL
1290,Proprietry in house engine
1291,Pinball Construction Set
1292,Forge
1293,Glacier Engine
1294,Havok Vision Game Engine
1295,The Sims Engine
1296,ONScripter
1297,ZGB engine
1298,ExEn (Execution Engine)
1299,RGM
1300,Nirvana Engine
1301,Tiled
1302,SGDK
1303,Flaxengine
1304,web
1305,KickAsm
1306,Open Sauce
1307,Halo 3
1308,Halo 2
1309,Halo Reach
1310,Raven
1311,Custom Engine
1312,Xash 3D
1313,web3
1314,Viscious Engine
1315,Raycast Game Maker
1316,VN Maker
1317,Doomsday
1318,Shards
1319,unit
1320,TBH Game Engine
1321,shockwave
1322,JOGL
1323,Killer Queen
1324,GameStudio
1325,Taito Type-X2
1326,OverWorld
1327,Processing
1328,RTC Engine
1329,FTE QuakeWorld
1330,Neptune
1331,Tiger
1332,UFE (Universal Fighting Engine)
1333,ALLS UX
1334,StoryMaker
1335,DATA EAST MLC SYSTEM HARDWARE
1336,flexi
1337,DoJa
1338,BREW
1339,QUANTUM ENGINE
1340,Butano
1341,Sword of Moonlight
1342,Candide Engine
1343,Super Mario Bros. S
1344,Piskel
1345,GDevelop
1346,DECO Cassette System
1347,RocketFuel
1348,Adobe Director
1349,AliceSoft System4.X
1350,Motorola 68000
1351,TPS Reality
1352,Fivem
1353,EAGL 2
1354,XGS
1355,Marmalade
1356,I.K.E.M.E.N. GO
1357,Cryogen
1358,DOSBox
1359,Anura Engine
1360,Mosi
1361,calico
1362,Zoom
1363,Storyspace
1364,Storytelling System
1365,DIV Game Creator
1366,RobustToolbox
1367,test engine
1368,Blackspace Engine
1369,CTG (Core Technology Group)
1370,TabbersEngine
1371,Hatch Game Engine
1372,Roomber Engine
1373,Pokémon SDK
1374,Clever's Engine
1375,Platinum Engine
1376,SLUDGE
1377,StoryNexus
1378,Doom64 EX
1379,AO Engine
1380,Core
1402,Crazyball Engine
1403,NeoAxis
1405,Sunny Engine
1408,TrueVision3D
1409,Brux GDK
1410,AI5
1412,Pulp
1413,Daedalus
1414,Vavoom
1416,Bipsi
1417,Flickgame
1420,Delta Engine
1421,Omni3D
1422,Ikemen Go
1423,Undum
1435,Octave Engine
1436,X-Tend
1437,Mercury Engine
1438,SWARM
1439,Vital Engine 3
1440,Vital Engine 2
1441,Spark
1442,Vicarious Visions Alchemy
1443,Goliath Engine
1444,Merkury Engine
1445,Lux Engine
1446,Hexane Engine
1449,Pure3D
1450,Titanium
1451,Tripper 3D Engine
1452,LEAD Engine
1454,RenJS
1455,FUZE4
1456,Zouna
1457,Slayer
1458,WF Engine
1459,AI
1460,AI2
1462,Maniaplanet
1463,Illumix AR engine
1465,LuaSTGExPlus
1466,LPMud
1467,Rapture
1468,ROM
1469,Narrat
1473,Open Surge
1474,World Builder
1475,Click & Create
1476,Kaleido ADV Workshop
1477,RPG Paper Maker
1479,G-Engine
1482,Virtual Stadium
1483,Microsoft PowerPoint
1484,Ebitengine
1487,Katana Engine
1488,Creation Engine 2
1489,Fusion Engine
1490,RUDE
1491,CXD9615GB Emotion Engine
1492,CXD9615GB Emotion Engine
1494,Twitch
1495,Delta3D
1497,Adobe Shockwave
1498,EngineBlack
1500,Open 3D Engine
1501,Zorn
1502,AppGameKit Classic (AGK)
1503,Box2D
1504,Greenfoot
1534,M.U.G.E.N
1535,Arcade Game Studio
1536,TombEngine
1539,Star Engine
1540,osu!framework
1541,Not So Simple Sonic Worlds
1543,Carbon Engine
1544,RapidFire Engine
1545,Jo Engine
1546,"3D Rad"
1549,Nintendo Web Framework
1550,Whale
1551,OpenLara
1552,Tinsel
